date,league_id,team_id,team_name,wins,losses,winning_pct,division_rank,league_rank,sport_rank,games_back,wc_rank,wc_gb,wc_elim_num,elim_num,mlb_rank
2025-04-06,103,108,los-angeles-angels,6,3,0.6666666666666666,2,2,2,1.5,1,+1.5,-,152,6
2025-04-13,103,108,los-angeles-angels,9,6,0.6,1,2,2,-,-,-,-,-,6
2025-04-20,103,108,los-angeles-angels,11,10,0.5238095238095238,3,7,7,1.5,4,0.5,141,140,15
2025-04-27,103,108,los-angeles-angels,12,15,0.4444444444444444,5,12,12,3.5,9,2.5,133,132,22
2025-05-04,103,108,los-angeles-angels,13,20,0.3939393939393939,5,14,14,7.0,11,5.0,124,123,25
2025-05-11,103,108,los-angeles-angels,16,23,0.41025641025641024,5,13,13,6.0,10,4.5,118,118,25
2025-05-18,103,108,los-angeles-angels,20,25,0.4444444444444444,5,13,13,6.0,10,4.5,113,112,24
2025-05-25,103,108,los-angeles-angels,25,27,0.4807692307692308,4,11,11,4.0,8,3.0,107,107,21
2025-06-08,103,108,los-angeles-angels,30,34,0.46875,4,12,12,5.5,9,4.5,94,93,22
2025-06-15,103,108,los-angeles-angels,33,37,0.4714285714285714,4,12,12,7.5,9,3.0,90,85,22
2025-06-22,103,108,los-angeles-angels,37,40,0.4805194805194805,4,11,11,7.5,8,2.5,84,78,21
2025-06-29,103,108,los-angeles-angels,41,42,0.4939759036144578,3,7,7,8.5,4,2.0,78,71,16
2025-07-06,103,108,los-angeles-angels,43,46,0.48314606741573035,4,9,9,11.5,6,4.5,69,62,19
2025-07-27,103,108,los-angeles-angels,51,55,0.4811320754716981,4,11,11,9.0,8,5.0,52,48,20
2025-08-03,103,108,los-angeles-angels,54,58,0.48214285714285715,4,11,11,8.0,8,5.5,45,43,21
2025-08-10,103,108,los-angeles-angels,56,62,0.4745762711864407,4,12,12,10.0,9,6.0,39,35,23
2025-08-17,103,108,los-angeles-angels,60,64,0.4838709677419355,4,11,11,9.0,8,7.0,32,30,19
2025-08-24,103,108,los-angeles-angels,61,69,0.46923076923076923,4,11,11,10.5,8,8.5,24,22,21
2025-09-07,103,108,los-angeles-angels,67,76,0.46853146853146854,4,11,11,10.5,8,8.0,12,9,21
2025-09-14,103,108,los-angeles-angels,69,81,0.46,5,13,13,13.0,10,12.0,1,E,24
2025-09-21,103,108,los-angeles-angels,70,86,0.44871794871794873,5,13,13,17.0,10,14.0,E,E,25
2025-09-28,103,108,los-angeles-angels,72,90,0.4444444444444444,5,13,13,18.0,10,15.0,E,E,25
2025-04-06,104,109,arizona-diamondbacks,5,5,0.5,4,8,8,3.5,5,1.5,152,149,13
2025-04-13,104,109,arizona-diamondbacks,9,7,0.5625,4,7,7,4.0,4,0.5,147,143,9
2025-04-20,104,109,arizona-diamondbacks,13,9,0.5909090909090909,4,5,5,3.0,3,-,-,138,6
2025-04-27,104,109,arizona-diamondbacks,15,13,0.5357142857142857,4,6,6,3.5,3,-,-,131,10
2025-05-04,104,109,arizona-diamondbacks,18,16,0.5294117647058824,4,7,7,5.0,4,1.0,128,124,13
2025-05-11,104,109,arizona-diamondbacks,21,20,0.5121951219512195,4,8,8,6.0,5,3.0,119,116,15
2025-05-18,104,109,arizona-diamondbacks,25,22,0.5319148936170213,4,8,8,4.0,5,3.0,114,112,14
2025-05-25,104,109,arizona-diamondbacks,26,27,0.49056603773584906,4,8,8,6.0,5,4.0,106,104,17
2025-06-08,104,109,arizona-diamondbacks,31,34,0.47692307692307695,4,10,10,7.5,7,6.0,92,90,20
2025-06-15,104,109,arizona-diamondbacks,36,35,0.5070422535211268,4,10,10,6.5,7,3.5,89,85,16
2025-06-22,104,109,arizona-diamondbacks,39,38,0.5064935064935064,4,10,10,8.0,7,3.5,82,77,17
2025-06-29,104,109,arizona-diamondbacks,41,42,0.4939759036144578,4,10,10,11.0,7,5.0,74,68,16
2025-07-06,104,109,arizona-diamondbacks,44,46,0.4888888888888889,4,10,10,11.5,7,4.5,68,61,17
2025-07-27,104,109,arizona-diamondbacks,51,55,0.4811320754716981,4,10,10,10.0,8,6.0,48,47,20
2025-08-03,104,109,arizona-diamondbacks,53,59,0.4732142857142857,4,11,11,12.0,8,9.0,42,39,22
2025-08-10,104,109,arizona-diamondbacks,57,61,0.4830508474576271,4,10,10,11.0,7,6.0,39,34,19
2025-08-17,104,109,arizona-diamondbacks,60,65,0.48,4,10,10,11.5,7,6.5,32,27,21
2025-08-24,104,109,arizona-diamondbacks,64,67,0.48854961832061067,3,8,8,10.0,6,5.5,22,22,17
2025-09-07,104,109,arizona-diamondbacks,72,72,0.5,4,9,9,7.5,6,4.5,15,12,18
2025-09-14,104,109,arizona-diamondbacks,75,75,0.5,4,8,8,9.5,5,2.0,11,4,16
2025-09-21,104,109,arizona-diamondbacks,79,77,0.5064102564102564,3,8,8,9.0,5,1.0,6,E,15
2025-09-28,104,109,arizona-diamondbacks,80,82,0.49382716049382713,4,9,9,13.0,6,3.0,E,E,18
2025-04-06,103,110,baltimore-orioles,4,6,0.4,5,11,11,2.5,8,1.0,152,151,20
2025-04-13,103,110,baltimore-orioles,6,9,0.4,5,12,12,2.5,9,2.0,146,145,23
2025-04-20,103,110,baltimore-orioles,9,12,0.42857142857142855,4,11,11,4.5,8,2.5,139,137,20
2025-04-27,103,110,baltimore-orioles,10,17,0.37037037037037035,5,14,14,6.5,11,4.5,131,129,28
2025-05-04,103,110,baltimore-orioles,13,20,0.3939393939393939,5,13,13,5.5,10,5.0,124,124,25
2025-05-11,103,110,baltimore-orioles,15,24,0.38461538461538464,5,14,14,7.5,11,5.5,117,116,26
2025-05-18,103,110,baltimore-orioles,15,30,0.3333333333333333,5,14,14,11.5,11,9.5,108,106,27
2025-05-25,103,110,baltimore-orioles,18,34,0.34615384615384615,5,14,14,14.0,11,10.0,100,97,28
2025-06-08,103,110,baltimore-orioles,26,38,0.40625,5,13,13,13.0,10,8.5,90,86,25
2025-06-15,103,110,baltimore-orioles,30,40,0.42857142857142855,5,13,13,12.0,10,6.0,87,81,24
2025-06-22,103,110,baltimore-orioles,33,44,0.42857142857142855,5,13,13,12.0,10,6.5,80,74,24
2025-06-29,103,110,baltimore-orioles,36,47,0.43373493975903615,5,13,13,12.0,10,7.0,73,68,25
2025-07-06,103,110,baltimore-orioles,40,49,0.449438202247191,5,13,13,11.5,10,7.5,66,62,24
2025-07-27,103,110,baltimore-orioles,47,58,0.44761904761904764,5,13,13,15.5,10,8.5,49,42,24
2025-08-03,103,110,baltimore-orioles,51,61,0.45535714285714285,5,13,13,13.5,10,8.5,42,37,24
2025-08-10,103,110,baltimore-orioles,53,65,0.4491525423728814,5,13,13,15.5,10,9.0,36,29,24
2025-08-17,103,110,baltimore-orioles,57,67,0.4596774193548387,5,13,13,15.5,10,10.0,29,23,24
2025-08-24,103,110,baltimore-orioles,60,70,0.46153846153846156,5,12,12,15.5,9,9.5,23,17,23
2025-09-07,103,110,baltimore-orioles,66,77,0.46153846153846156,5,12,12,16.0,9,9.0,11,4,22
2025-09-14,103,110,baltimore-orioles,69,80,0.46308724832214765,5,12,12,18.0,9,11.5,2,E,23
2025-09-21,103,110,baltimore-orioles,73,83,0.46794871794871795,5,12,12,17.0,9,11.0,E,E,22
2025-09-28,103,110,baltimore-orioles,75,87,0.46296296296296297,5,12,12,19.0,9,12.0,E,E,24
2025-04-06,103,111,boston-redsox,6,4,0.6,2,4,4,0.5,2,+1.0,-,153,9
2025-04-13,103,111,boston-redsox,8,9,0.47058823529411764,3,9,9,1.5,6,1.0,146,145,19
2025-04-20,103,111,boston-redsox,12,11,0.5217391304347826,3,8,8,2.5,5,0.5,140,138,16
2025-04-27,103,111,boston-redsox,16,14,0.5333333333333333,2,6,6,2.0,3,-,-,132,14
2025-05-04,103,111,boston-redsox,18,18,0.5,2,8,8,2.0,5,1.5,126,126,16
2025-05-11,103,111,boston-redsox,22,20,0.5238095238095238,2,6,6,2.0,3,-,-,120,13
2025-05-18,103,111,boston-redsox,23,25,0.4791666666666667,2,9,9,5.0,6,3.0,113,111,19
2025-05-25,103,111,boston-redsox,27,28,0.4909090909090909,3,9,9,6.5,6,2.5,106,103,16
2025-06-08,103,111,boston-redsox,32,35,0.47761194029850745,4,10,10,8.5,7,4.0,93,89,19
2025-06-15,103,111,boston-redsox,37,36,0.5068493150684932,4,8,8,6.5,5,0.5,91,85,18
2025-06-22,103,111,boston-redsox,40,39,0.5063291139240507,4,8,8,6.0,5,0.5,85,79,18
2025-06-29,103,111,boston-redsox,41,44,0.4823529411764706,4,10,10,8.0,7,3.0,76,71,20
2025-07-06,103,111,boston-redsox,46,45,0.5054945054945055,4,7,7,6.5,4,2.5,70,66,16
2025-07-27,103,111,boston-redsox,57,50,0.5327102803738317,3,5,5,6.5,2,+0.5,-,50,11
2025-08-03,103,111,boston-redsox,62,51,0.5486725663716814,2,4,4,3.0,1,+2.0,-,47,10
2025-08-10,103,111,boston-redsox,65,54,0.5462184873949579,2,5,5,4.0,2,+2.5,-,40,10
2025-08-17,103,111,boston-redsox,68,57,0.544,2,4,4,5.0,1,+0.5,-,33,9
2025-08-24,103,111,boston-redsox,71,60,0.5419847328244275,2,4,4,5.0,1,+1.0,-,27,9
2025-09-07,103,111,boston-redsox,79,65,0.5486111111111112,3,4,4,3.5,2,+3.5,-,16,8
2025-09-14,103,111,boston-redsox,82,68,0.5466666666666666,3,4,4,5.5,2,+1.0,-,8,8
2025-09-21,103,111,boston-redsox,85,71,0.5448717948717948,3,4,4,5.0,2,+1.0,-,2,8
2025-09-28,103,111,boston-redsox,89,73,0.5493827160493827,3,4,4,5.0,2,+2.0,-,E,9
2025-04-06,104,112,chicago-cubs,7,5,0.5833333333333334,1,6,6,-,-,-,-,-,10
2025-04-13,104,112,chicago-cubs,11,7,0.6111111111111112,1,5,5,-,-,-,-,-,5
2025-04-20,104,112,chicago-cubs,14,10,0.5833333333333334,1,7,7,-,-,-,-,-,10
2025-04-27,104,112,chicago-cubs,17,12,0.5862068965517241,1,5,5,-,-,-,-,-,7
2025-05-04,104,112,chicago-cubs,21,14,0.6,1,5,5,-,-,-,-,-,7
2025-05-11,104,112,chicago-cubs,23,18,0.5609756097560976,1,6,6,-,-,-,-,-,11
2025-05-18,104,112,chicago-cubs,28,19,0.5957446808510638,1,5,5,-,-,-,-,-,6
2025-05-25,104,112,chicago-cubs,32,21,0.6037735849056604,1,2,2,-,-,-,-,-,4
2025-06-08,104,112,chicago-cubs,40,25,0.6153846153846154,1,2,2,-,-,-,-,-,3
2025-06-15,104,112,chicago-cubs,44,28,0.6111111111111112,1,2,2,-,-,-,-,-,3
2025-06-22,104,112,chicago-cubs,46,31,0.5974025974025974,1,3,3,-,-,-,-,-,4
2025-06-29,104,112,chicago-cubs,49,35,0.5833333333333334,1,2,2,-,-,-,-,-,4
2025-07-06,104,112,chicago-cubs,54,36,0.6,1,2,2,-,-,-,-,-,4
2025-07-27,104,112,chicago-cubs,62,43,0.5904761904761905,1,1,1,-,1,+5.5,-,-,2
2025-08-03,104,112,chicago-cubs,65,46,0.5855855855855856,2,2,2,2.0,1,+3.5,-,50,2
2025-08-10,104,112,chicago-cubs,67,50,0.5726495726495726,2,4,4,6.0,1,+4.5,-,40,5
2025-08-17,104,112,chicago-cubs,70,53,0.5691056910569106,2,4,4,8.0,1,+4.5,-,32,6
2025-08-24,104,112,chicago-cubs,76,55,0.5801526717557252,2,3,3,5.0,1,+6.5,-,27,4
2025-09-07,104,112,chicago-cubs,81,62,0.5664335664335665,2,3,3,7.5,1,+5.0,-,12,5
2025-09-14,104,112,chicago-cubs,85,64,0.5704697986577181,2,3,3,5.5,1,+8.5,-,8,4
2025-09-21,104,112,chicago-cubs,88,68,0.5641025641025641,2,3,3,7.0,1,+8.0,-,E,4
2025-09-28,104,112,chicago-cubs,92,70,0.5679012345679012,2,4,4,5.0,1,+9.0,-,E,6
2025-04-06,104,113,cincinnati-reds,3,7,0.3,4,12,12,3.0,9,3.5,150,149,25
2025-04-13,104,113,cincinnati-reds,8,8,0.5,2,9,9,2.0,6,1.5,146,144,15
2025-04-20,104,113,cincinnati-reds,11,11,0.5,3,9,9,2.0,6,2.0,139,138,17
2025-04-27,104,113,cincinnati-reds,15,13,0.5357142857142857,2,7,7,1.5,4,-,-,133,10
2025-05-04,104,113,cincinnati-reds,18,17,0.5142857142857142,2,8,8,3.0,5,1.5,127,125,15
2025-05-11,104,113,cincinnati-reds,20,22,0.47619047619047616,4,10,10,3.5,7,4.5,117,118,21
2025-05-18,104,113,cincinnati-reds,24,24,0.5,3,10,10,4.5,7,4.5,112,111,18
2025-05-25,104,113,cincinnati-reds,26,28,0.48148148148148145,3,9,9,6.5,6,4.5,105,103,18
2025-06-08,104,113,cincinnati-reds,33,33,0.5,4,9,9,7.5,6,4.5,93,90,18
2025-06-15,104,113,cincinnati-reds,37,35,0.5138888888888888,3,8,8,7.0,5,3.0,89,84,14
2025-06-22,104,113,cincinnati-reds,40,38,0.5128205128205128,4,9,9,6.5,6,3.0,82,79,16
2025-06-29,104,113,cincinnati-reds,44,40,0.5238095238095238,4,9,9,5.0,6,2.5,76,74,14
2025-07-06,104,113,cincinnati-reds,46,44,0.5111111111111111,4,9,9,8.0,6,2.5,70,65,15
2025-07-27,104,113,cincinnati-reds,56,50,0.5283018867924528,3,7,7,6.5,5,1.0,53,51,12
2025-08-03,104,113,cincinnati-reds,58,54,0.5178571428571429,3,7,7,9.5,4,4.0,47,42,13
2025-08-10,104,113,cincinnati-reds,62,57,0.5210084033613446,3,7,7,12.0,4,1.5,43,33,14
2025-08-17,104,113,cincinnati-reds,65,60,0.52,3,7,7,14.0,4,1.5,37,25,13
2025-08-24,104,113,cincinnati-reds,68,63,0.5190839694656488,3,7,7,13.0,5,1.5,26,19,13
2025-09-07,104,113,cincinnati-reds,72,71,0.5034965034965035,3,7,7,16.5,4,4.0,16,3,16
2025-09-14,104,113,cincinnati-reds,74,75,0.4966442953020134,3,9,9,16.5,6,2.5,11,E,18
2025-09-21,104,113,cincinnati-reds,80,76,0.5128205128205128,3,6,6,15.0,3,-,-,E,13
2025-09-28,104,113,cincinnati-reds,83,79,0.5123456790123457,3,6,6,14.0,3,-,-,E,13
2025-04-06,103,114,cleveland-guardians,3,6,0.3333333333333333,3,12,12,2.0,9,1.5,152,152,22
2025-04-13,103,114,cleveland-guardians,8,7,0.5333333333333333,2,5,5,1.0,2,-,-,147,12
2025-04-20,103,114,cleveland-guardians,12,9,0.5714285714285714,2,4,4,0.5,1,+0.5,-,141,11
2025-04-27,103,114,cleveland-guardians,15,12,0.5555555555555556,2,4,4,2.5,1,+0.5,-,133,9
2025-05-04,103,114,cleveland-guardians,20,14,0.5882352941176471,2,3,3,1.5,1,+1.5,-,127,8
2025-05-11,103,114,cleveland-guardians,23,17,0.575,2,2,2,2.5,1,+2.0,-,120,7
2025-05-18,103,114,cleveland-guardians,25,21,0.5434782608695652,3,5,5,5.5,2,-,-,111,12
2025-05-25,103,114,cleveland-guardians,29,23,0.5576923076923077,2,3,3,4.0,1,+1.0,-,106,10
2025-06-08,103,114,cleveland-guardians,34,30,0.53125,3,7,7,7.5,4,0.5,98,90,14
2025-06-15,103,114,cleveland-guardians,35,35,0.5,3,10,10,9.5,7,1.0,92,82,19
2025-06-22,103,114,cleveland-guardians,39,37,0.5131578947368421,2,6,6,8.5,3,-,-,77,14
2025-06-29,103,114,cleveland-guardians,40,42,0.4878048780487805,2,9,9,11.5,6,2.5,78,68,19
2025-07-06,103,114,cleveland-guardians,40,48,0.45454545454545453,4,12,12,15.5,9,7.0,67,58,22
2025-07-27,103,114,cleveland-guardians,52,53,0.49523809523809526,2,9,9,8.0,6,3.5,54,49,18
2025-08-03,103,114,cleveland-guardians,56,55,0.5045045045045045,2,8,8,8.0,5,3.0,48,43,15
2025-08-10,103,114,cleveland-guardians,61,56,0.5213675213675214,2,7,7,6.0,4,0.5,45,39,13
2025-08-17,103,114,cleveland-guardians,63,60,0.5121951219512195,2,7,7,8.5,4,3.5,36,30,14
2025-08-24,103,114,cleveland-guardians,64,65,0.49612403100775193,3,9,9,12.5,6,5.0,28,20,16
2025-09-07,103,114,cleveland-guardians,72,70,0.5070422535211268,3,9,9,9.0,6,2.5,18,11,15
2025-09-14,103,114,cleveland-guardians,78,71,0.5234899328859061,2,8,8,6.5,5,2.5,11,7,13
2025-09-21,103,114,cleveland-guardians,84,72,0.5384615384615384,2,6,6,1.0,3,-,-,6,11
2025-09-28,103,114,cleveland-guardians,88,74,0.5432098765432098,1,5,5,-,-,-,-,-,10
2025-04-06,104,115,colorado-rockies,2,7,0.2222222222222222,5,14,14,6.0,11,4.0,150,147,28
2025-04-13,104,115,colorado-rockies,3,12,0.2,5,15,15,9.5,12,6.0,142,138,30
2025-04-20,104,115,colorado-rockies,4,17,0.19047619047619047,5,15,15,11.5,12,8.5,133,130,30
2025-04-27,104,115,colorado-rockies,4,23,0.14814814814814814,5,15,15,14.0,12,10.5,125,121,30
2025-05-04,104,115,colorado-rockies,6,28,0.17647058823529413,5,15,15,17.0,12,13.0,116,112,30
2025-05-11,104,115,colorado-rockies,7,33,0.175,5,15,15,19.5,12,16.5,106,103,30
2025-05-18,104,115,colorado-rockies,8,38,0.17391304347826086,5,15,15,20.5,12,19.5,98,96,30
2025-05-25,104,115,colorado-rockies,9,44,0.16981132075471697,5,15,15,23.0,12,21.0,89,87,30
2025-06-08,104,115,colorado-rockies,12,53,0.18461538461538463,5,15,15,26.5,12,25.0,73,71,30
2025-06-15,104,115,colorado-rockies,14,57,0.19718309859154928,5,15,15,28.5,12,25.5,67,63,30
2025-06-22,104,115,colorado-rockies,18,60,0.23076923076923078,5,15,15,29.5,12,25.0,60,55,30
2025-06-29,104,115,colorado-rockies,19,65,0.2261904761904762,5,15,15,33.5,12,27.5,51,45,30
2025-07-06,104,115,colorado-rockies,21,69,0.23333333333333334,5,15,15,34.5,12,27.5,45,38,30
2025-07-27,104,115,colorado-rockies,27,78,0.2571428571428571,5,15,15,33.5,13,29.5,25,24,30
2025-08-03,104,115,colorado-rockies,30,81,0.2702702702702703,5,15,15,34.5,12,31.5,20,17,30
2025-08-10,104,115,colorado-rockies,30,87,0.2564102564102564,5,15,15,37.5,12,32.5,13,8,30
2025-08-17,104,115,colorado-rockies,35,89,0.28225806451612906,5,15,15,36.0,12,31.0,8,3,30
2025-08-24,104,115,colorado-rockies,37,94,0.2824427480916031,5,15,15,37.0,13,32.5,E,E,30
2025-09-07,104,115,colorado-rockies,40,103,0.27972027972027974,5,15,15,39.0,12,36.0,E,E,30
2025-09-14,104,115,colorado-rockies,41,109,0.2733333333333333,5,15,15,43.5,12,36.0,E,E,30
2025-09-21,104,115,colorado-rockies,43,113,0.27564102564102566,5,15,15,45.0,12,37.0,E,E,30
2025-09-28,104,115,colorado-rockies,43,119,0.2654320987654321,5,15,15,50.0,12,40.0,E,E,30
2025-04-06,103,116,detroit-tigers,5,4,0.5555555555555556,1,5,5,-,-,-,-,-,11
2025-04-13,103,116,detroit-tigers,9,6,0.6,1,1,1,-,-,-,-,-,6
2025-04-20,103,116,detroit-tigers,13,9,0.5909090909090909,1,2,2,-,-,-,-,-,6
2025-04-27,103,116,detroit-tigers,18,10,0.6428571428571429,1,1,1,-,-,-,-,-,3
2025-05-04,103,116,detroit-tigers,22,13,0.6285714285714286,1,1,1,-,-,-,-,-,3
2025-05-11,103,116,detroit-tigers,26,15,0.6341463414634146,1,1,1,-,-,-,-,-,3
2025-05-18,103,116,detroit-tigers,31,16,0.6595744680851063,1,1,1,-,-,-,-,-,1
2025-05-25,103,116,detroit-tigers,34,20,0.6296296296296297,1,1,1,-,-,-,-,-,2
2025-06-08,103,116,detroit-tigers,43,24,0.6417910447761194,1,1,1,-,-,-,-,-,1
2025-06-15,103,116,detroit-tigers,46,27,0.6301369863013698,1,1,1,-,-,-,-,-,1
2025-06-22,103,116,detroit-tigers,49,30,0.620253164556962,1,1,1,-,-,-,-,-,1
2025-06-29,103,116,detroit-tigers,53,32,0.6235294117647059,1,1,1,-,-,-,-,-,1
2025-07-06,103,116,detroit-tigers,57,34,0.6263736263736264,1,1,1,-,-,-,-,-,1
2025-07-27,103,116,detroit-tigers,61,46,0.5700934579439252,1,2,2,-,-,-,-,-,7
2025-08-03,103,116,detroit-tigers,65,48,0.5752212389380531,1,1,1,-,-,-,-,-,4
2025-08-10,103,116,detroit-tigers,68,51,0.5714285714285714,1,2,2,-,-,-,-,-,6
2025-08-17,103,116,detroit-tigers,73,53,0.5793650793650794,1,2,2,-,-,-,-,-,3
2025-08-24,103,116,detroit-tigers,78,54,0.5909090909090909,1,1,1,-,-,-,-,-,2
2025-09-07,103,116,detroit-tigers,82,62,0.5694444444444444,1,2,2,-,-,-,-,-,4
2025-09-14,103,116,detroit-tigers,85,65,0.5666666666666667,1,2,2,-,-,-,-,-,5
2025-09-21,103,116,detroit-tigers,85,71,0.5448717948717948,1,5,5,-,-,-,-,-,8
2025-09-28,103,116,detroit-tigers,87,75,0.5370370370370371,2,6,6,1.0,3,-,-,E,11
2025-04-06,103,117,houston-astros,4,5,0.4444444444444444,3,7,7,3.5,4,0.5,153,150,16
2025-04-13,103,117,houston-astros,7,8,0.4666666666666667,4,10,10,2.0,7,1.0,147,146,20
2025-04-20,103,117,houston-astros,10,11,0.47619047619047616,4,9,9,2.5,6,1.5,140,139,18
2025-04-27,103,117,houston-astros,14,13,0.5185185185185185,3,7,7,1.5,4,0.5,135,134,15
2025-05-04,103,117,houston-astros,17,16,0.5151515151515151,3,7,7,3.0,4,1.0,128,127,14
2025-05-11,103,117,houston-astros,20,19,0.5128205128205128,2,7,7,2.0,4,0.5,122,122,14
2025-05-18,103,117,houston-astros,24,22,0.5217391304347826,2,7,7,2.5,4,1.0,116,115,15
2025-05-25,103,117,houston-astros,28,25,0.5283018867924528,2,7,7,1.5,4,0.5,109,109,14
2025-06-08,103,117,houston-astros,36,29,0.5538461538461539,1,3,3,-,-,-,-,-,9
2025-06-15,103,117,houston-astros,41,30,0.5774647887323944,1,3,3,-,-,-,-,-,7
2025-06-22,103,117,houston-astros,45,33,0.5769230769230769,1,3,3,-,-,-,-,-,7
2025-06-29,103,117,houston-astros,50,34,0.5952380952380952,1,2,2,-,-,-,-,-,3
2025-07-06,103,117,houston-astros,55,35,0.6111111111111112,1,2,2,-,-,-,-,-,3
2025-07-27,103,117,houston-astros,60,46,0.5660377358490566,1,3,3,-,-,-,-,-,8
2025-08-03,103,117,houston-astros,62,50,0.5535714285714286,1,3,3,-,-,-,-,-,8
2025-08-10,103,117,houston-astros,66,52,0.559322033898305,1,3,3,-,-,-,-,-,7
2025-08-17,103,117,houston-astros,69,55,0.5564516129032258,1,3,3,-,-,-,-,-,7
2025-08-24,103,117,houston-astros,72,59,0.549618320610687,1,3,3,-,-,-,-,-,8
2025-09-07,103,117,houston-astros,78,66,0.5416666666666666,1,5,5,-,-,-,-,-,10
2025-09-14,103,117,houston-astros,81,69,0.54,2,6,6,1.0,3,-,-,12,11
2025-09-21,103,117,houston-astros,84,72,0.5384615384615384,2,7,7,3.0,4,-,-,4,11
2025-09-28,103,117,houston-astros,87,75,0.5370370370370371,2,7,7,3.0,4,-,-,E,11
2025-04-06,103,118,kansas-city-royals,4,5,0.4444444444444444,2,8,8,1.0,5,0.5,153,153,16
2025-04-13,103,118,kansas-city-royals,8,8,0.5,3,7,7,1.5,4,0.5,147,146,15
2025-04-20,103,118,kansas-city-royals,9,14,0.391304347826087,3,13,13,4.5,10,3.5,137,136,25
2025-04-27,103,118,kansas-city-royals,14,15,0.4827586206896552,3,10,10,4.5,7,1.5,133,130,18
2025-05-04,103,118,kansas-city-royals,19,16,0.5428571428571428,3,6,6,3.0,3,-,-,125,11
2025-05-11,103,118,kansas-city-royals,24,18,0.5714285714285714,3,4,4,2.5,2,+2.0,-,119,9
2025-05-18,103,118,kansas-city-royals,26,22,0.5416666666666666,4,6,6,5.5,3,-,-,110,13
2025-05-25,103,118,kansas-city-royals,29,25,0.5370370370370371,4,6,6,5.0,3,-,-,104,13
2025-06-08,103,118,kansas-city-royals,34,32,0.5151515151515151,4,9,9,8.5,6,1.5,96,88,17
2025-06-15,103,118,kansas-city-royals,34,38,0.4722222222222222,4,11,11,11.5,8,3.0,89,79,21
2025-06-22,103,118,kansas-city-royals,38,40,0.48717948717948717,3,9,9,10.5,6,2.0,84,74,19
2025-06-29,103,118,kansas-city-royals,39,45,0.4642857142857143,4,12,12,13.5,9,4.5,75,65,22
2025-07-06,103,118,kansas-city-royals,43,48,0.4725274725274725,3,11,11,14.0,8,5.5,67,58,21
2025-07-27,103,118,kansas-city-royals,52,54,0.49056603773584906,3,10,10,8.5,7,4.0,53,48,19
2025-08-03,103,118,kansas-city-royals,56,56,0.5,3,9,9,8.5,6,3.5,47,42,16
2025-08-10,103,118,kansas-city-royals,58,60,0.4915254237288136,3,9,9,9.5,6,4.0,41,35,18
2025-08-17,103,118,kansas-city-royals,63,61,0.5080645161290323,3,8,8,9.0,5,4.0,35,29,15
2025-08-24,103,118,kansas-city-royals,67,64,0.5114503816793893,2,7,7,10.5,4,3.0,29,21,14
2025-09-07,103,118,kansas-city-royals,73,70,0.5104895104895105,2,8,8,8.5,5,2.0,18,11,14
2025-09-14,103,118,kansas-city-royals,75,75,0.5,3,9,9,10.0,6,6.0,7,3,16
2025-09-21,103,118,kansas-city-royals,78,78,0.5,3,9,9,7.0,6,6.0,1,E,17
2025-09-28,103,118,kansas-city-royals,82,80,0.5061728395061729,3,8,8,6.0,5,5.0,E,E,15
2025-04-06,104,119,los-angeles-dodgers,9,2,0.8181818181818182,2,2,2,-,1,+2.0,-,152,2
2025-04-13,104,119,los-angeles-dodgers,11,6,0.6470588235294118,3,4,4,2.5,2,+1.0,-,144,4
2025-04-20,104,119,los-angeles-dodgers,16,7,0.6956521739130435,2,2,2,0.5,1,+2.5,-,140,2
2025-04-27,104,119,los-angeles-dodgers,18,10,0.6428571428571429,2,3,3,0.5,1,+3.0,-,134,3
2025-05-04,104,119,los-angeles-dodgers,23,11,0.6764705882352942,1,1,1,-,-,-,-,-,1
2025-05-11,104,119,los-angeles-dodgers,27,14,0.6585365853658537,1,1,1,-,-,-,-,-,1
2025-05-18,104,119,los-angeles-dodgers,29,18,0.6170212765957447,1,1,1,-,-,-,-,-,2
2025-05-25,104,119,los-angeles-dodgers,32,21,0.6037735849056604,1,3,3,-,-,-,-,-,4
2025-06-08,104,119,los-angeles-dodgers,39,27,0.5909090909090909,1,3,3,-,-,-,-,-,5
2025-06-15,104,119,los-angeles-dodgers,43,29,0.5972222222222222,1,3,3,-,-,-,-,-,5
2025-06-22,104,119,los-angeles-dodgers,48,31,0.6075949367088608,1,1,1,-,-,-,-,-,2
2025-06-29,104,119,los-angeles-dodgers,53,32,0.6235294117647059,1,1,1,-,-,-,-,-,1
2025-07-06,104,119,los-angeles-dodgers,56,35,0.6153846153846154,1,1,1,-,-,-,-,-,2
2025-07-27,104,119,los-angeles-dodgers,61,45,0.5754716981132075,1,4,4,-,-,-,-,-,5
2025-08-03,104,119,los-angeles-dodgers,65,47,0.5803571428571429,1,3,3,-,-,-,-,-,3
2025-08-10,104,119,los-angeles-dodgers,68,50,0.576271186440678,1,3,3,-,-,-,-,-,4
2025-08-17,104,119,los-angeles-dodgers,71,53,0.5725806451612904,1,2,2,-,-,-,-,-,4
2025-08-24,104,119,los-angeles-dodgers,74,57,0.5648854961832062,1,4,4,-,2,+4.5,-,-,6
2025-09-07,104,119,los-angeles-dodgers,79,64,0.5524475524475524,1,4,4,-,-,-,-,-,7
2025-09-14,104,119,los-angeles-dodgers,84,65,0.5637583892617449,1,4,4,-,-,-,-,-,6
2025-09-21,104,119,los-angeles-dodgers,88,68,0.5641025641025641,1,4,4,-,-,-,-,-,4
2025-09-28,104,119,los-angeles-dodgers,93,69,0.5740740740740741,1,3,3,-,-,-,-,-,5
2025-04-06,104,120,washington-nationals,3,6,0.3333333333333333,4,11,11,4.0,8,3.0,151,150,22
2025-04-13,104,120,washington-nationals,6,9,0.4,4,12,12,4.0,9,3.0,145,144,23
2025-04-20,104,120,washington-nationals,9,13,0.4090909090909091,4,12,12,6.0,9,4.0,137,135,22
2025-04-27,104,120,washington-nationals,13,15,0.4642857142857143,3,10,10,6.0,7,2.0,133,129,20
2025-05-04,104,120,washington-nationals,16,19,0.45714285714285713,3,11,11,6.0,8,3.5,125,122,21
2025-05-11,104,120,washington-nationals,17,24,0.4146341463414634,4,12,12,9.0,9,7.0,115,113,24
2025-05-18,104,120,washington-nationals,21,27,0.4375,4,12,12,8.5,9,7.5,109,107,25
2025-05-25,104,120,washington-nationals,24,29,0.4528301886792453,4,12,12,10.0,9,6.0,104,100,24
2025-06-08,104,120,washington-nationals,30,35,0.46153846153846156,3,11,11,11.5,8,7.0,91,86,23
2025-06-15,104,120,washington-nationals,30,41,0.4225352112676056,4,12,12,14.5,9,9.5,83,77,25
2025-06-22,104,120,washington-nationals,32,46,0.41025641025641024,4,12,12,15.0,9,11.0,74,70,25
2025-06-29,104,120,washington-nationals,35,49,0.4166666666666667,5,13,13,14.0,10,11.5,67,65,26
2025-07-06,104,120,washington-nationals,37,53,0.4111111111111111,5,14,14,16.0,11,11.5,61,57,27
2025-07-27,104,120,washington-nationals,43,62,0.4095238095238095,5,14,14,18.5,12,13.5,41,39,28
2025-08-03,104,120,washington-nationals,44,67,0.3963963963963964,5,14,14,19.0,11,17.5,34,33,28
2025-08-10,104,120,washington-nationals,47,70,0.4017094017094017,5,14,14,21.0,11,15.5,30,25,28
2025-08-17,104,120,washington-nationals,50,74,0.4032258064516129,5,14,14,21.0,11,16.0,23,18,28
2025-08-24,104,120,washington-nationals,53,77,0.4076923076923077,5,14,14,23.0,12,16.0,12,10,28
2025-09-07,104,120,washington-nationals,58,84,0.4084507042253521,5,14,14,24.5,11,17.5,3,E,28
2025-09-14,104,120,washington-nationals,62,87,0.4161073825503356,5,14,14,26.5,11,14.5,E,E,28
2025-09-21,104,120,washington-nationals,64,92,0.41025641025641024,5,14,14,28.0,11,16.0,E,E,28
2025-09-28,104,120,washington-nationals,66,96,0.4074074074074074,5,14,14,30.0,11,17.0,E,E,28
2025-04-06,104,121,new-york-mets,6,3,0.6666666666666666,2,5,5,1.0,3,-,-,153,6
2025-04-13,104,121,new-york-mets,10,5,0.6666666666666666,1,3,3,-,-,-,-,-,3
2025-04-20,104,121,new-york-mets,15,7,0.6818181818181818,1,3,3,-,-,-,-,-,3
2025-04-27,104,121,new-york-mets,19,9,0.6785714285714286,1,1,1,-,-,-,-,-,1
2025-05-04,104,121,new-york-mets,22,13,0.6285714285714286,1,3,3,-,-,-,-,-,3
2025-05-11,104,121,new-york-mets,26,15,0.6341463414634146,1,3,3,-,-,-,-,-,3
2025-05-18,104,121,new-york-mets,29,18,0.6170212765957447,1,2,2,-,-,-,-,-,2
2025-05-25,104,121,new-york-mets,32,21,0.6037735849056604,2,4,4,2.0,1,+2.0,-,108,4
2025-06-08,104,121,new-york-mets,42,24,0.6363636363636364,1,1,1,-,-,-,-,-,2
2025-06-15,104,121,new-york-mets,45,27,0.625,1,1,1,-,-,-,-,-,2
2025-06-22,104,121,new-york-mets,46,32,0.5897435897435898,2,4,4,1.0,1,+3.0,-,84,5
2025-06-29,104,121,new-york-mets,48,37,0.5647058823529412,2,4,4,1.5,1,+1.0,-,77,7
2025-07-06,104,121,new-york-mets,52,39,0.5714285714285714,2,4,4,1.5,1,+3.0,-,71,7
2025-07-27,104,121,new-york-mets,62,44,0.5849056603773585,1,3,3,-,-,-,-,-,4
2025-08-03,104,121,new-york-mets,63,49,0.5625,2,5,5,0.5,2,+1.0,-,51,7
2025-08-10,104,121,new-york-mets,63,55,0.5338983050847458,2,6,6,5.5,3,-,-,40,11
2025-08-17,104,121,new-york-mets,66,58,0.532258064516129,2,6,6,5.0,3,-,-,34,12
2025-08-24,104,121,new-york-mets,69,61,0.5307692307692308,2,6,6,7.0,4,-,-,26,12
2025-09-07,104,121,new-york-mets,76,67,0.5314685314685315,2,6,6,7.0,3,-,-,13,11
2025-09-14,104,121,new-york-mets,77,73,0.5133333333333333,2,6,6,12.0,3,-,-,1,14
2025-09-21,104,121,new-york-mets,80,76,0.5128205128205128,2,7,7,12.0,4,-,-,E,13
2025-09-28,104,121,new-york-mets,83,79,0.5123456790123457,2,7,7,13.0,4,-,-,E,13
2025-04-06,103,133,athletics,4,6,0.4,4,10,10,4.0,7,1.0,152,149,20
2025-04-13,103,133,athletics,6,10,0.375,5,13,13,3.5,10,2.5,145,144,25
2025-04-20,103,133,athletics,10,12,0.45454545454545453,5,10,10,3.0,7,2.0,139,138,19
2025-04-27,103,133,athletics,14,14,0.5,4,8,8,2.0,5,1.0,134,133,16
2025-05-04,103,133,athletics,19,16,0.5428571428571428,2,5,5,2.0,2,-,-,127,11
2025-05-11,103,133,athletics,21,20,0.5121951219512195,3,8,8,2.0,5,0.5,121,121,15
2025-05-18,103,133,athletics,22,25,0.46808510638297873,4,11,11,5.0,8,3.5,113,112,21
2025-05-25,103,133,athletics,23,31,0.42592592592592593,5,13,13,7.0,10,6.0,103,103,25
2025-06-08,103,133,athletics,26,41,0.3880597014925373,5,14,14,11.0,11,10.0,87,86,27
2025-06-15,103,133,athletics,29,44,0.3972602739726027,5,14,14,13.0,11,8.5,83,78,27
2025-06-22,103,133,athletics,32,48,0.4,5,14,14,14.0,11,9.0,76,70,27
2025-06-29,103,133,athletics,34,52,0.3953488372093023,5,14,14,17.0,11,10.5,68,61,28
2025-07-06,103,133,athletics,37,55,0.40217391304347827,5,14,14,19.0,11,12.0,60,53,28
2025-07-27,103,133,athletics,46,62,0.42592592592592593,5,14,14,15.0,11,11.0,45,41,25
2025-08-03,103,133,athletics,49,65,0.4298245614035088,5,14,14,14.0,11,11.5,38,36,25
2025-08-10,103,133,athletics,53,67,0.44166666666666665,5,14,14,14.0,11,10.0,34,30,25
2025-08-17,103,133,athletics,56,70,0.4444444444444444,5,14,14,14.0,11,12.0,26,24,26
2025-08-24,103,133,athletics,60,72,0.45454545454545453,5,13,13,12.5,10,10.5,21,19,24
2025-09-07,103,133,athletics,66,78,0.4583333333333333,5,13,13,12.0,10,9.5,10,7,24
2025-09-14,103,133,athletics,70,80,0.4666666666666667,4,11,11,12.0,8,11.0,2,1,21
2025-09-21,103,133,athletics,73,83,0.46794871794871795,4,11,11,14.0,8,11.0,E,E,22
2025-09-28,103,133,athletics,76,86,0.4691358024691358,4,11,11,14.0,8,11.0,E,E,22
2025-04-06,104,134,pittsburgh-pirates,3,7,0.3,5,13,13,3.0,10,3.5,150,149,25
2025-04-13,104,134,pittsburgh-pirates,5,11,0.3125,5,13,13,5.0,10,4.5,143,141,26
2025-04-20,104,134,pittsburgh-pirates,8,15,0.34782608695652173,5,14,14,5.5,11,5.5,135,134,27
2025-04-27,104,134,pittsburgh-pirates,11,18,0.3793103448275862,5,14,14,6.0,11,4.5,130,128,27
2025-05-04,104,134,pittsburgh-pirates,12,23,0.34285714285714286,5,14,14,9.0,11,7.5,121,119,28
2025-05-11,104,134,pittsburgh-pirates,14,27,0.34146341463414637,5,14,14,9.0,11,10.0,112,113,28
2025-05-18,104,134,pittsburgh-pirates,15,32,0.3191489361702128,5,14,14,13.0,11,13.0,104,103,28
2025-05-25,104,134,pittsburgh-pirates,19,35,0.35185185185185186,5,14,14,13.5,11,11.5,98,96,27
2025-06-08,104,134,pittsburgh-pirates,26,40,0.3939393939393939,5,13,13,14.5,10,11.5,86,83,26
2025-06-15,104,134,pittsburgh-pirates,29,44,0.3972602739726027,5,14,14,15.5,11,11.5,80,75,27
2025-06-22,104,134,pittsburgh-pirates,31,48,0.3924050632911392,5,14,14,16.0,11,12.5,72,69,28
2025-06-29,104,134,pittsburgh-pirates,35,50,0.4117647058823529,5,14,14,14.5,11,12.0,66,64,27
2025-07-06,104,134,pittsburgh-pirates,38,53,0.4175824175824176,5,13,13,16.5,10,11.0,61,56,26
2025-07-27,104,134,pittsburgh-pirates,44,62,0.41509433962264153,5,13,13,18.5,11,13.0,41,39,27
2025-08-03,104,134,pittsburgh-pirates,48,64,0.42857142857142855,5,12,12,19.5,9,14.0,37,32,26
2025-08-10,104,134,pittsburgh-pirates,51,68,0.42857142857142855,5,13,13,23.0,10,12.5,32,22,27
2025-08-17,104,134,pittsburgh-pirates,52,73,0.416,5,13,13,27.0,10,14.5,24,12,27
2025-08-24,104,134,pittsburgh-pirates,57,74,0.4351145038167939,5,13,13,24.0,11,12.5,15,8,27
2025-09-07,104,134,pittsburgh-pirates,64,80,0.4444444444444444,5,13,13,25.0,10,12.5,7,E,26
2025-09-14,104,134,pittsburgh-pirates,65,85,0.43333333333333335,5,13,13,26.0,10,12.0,1,E,27
2025-09-21,104,134,pittsburgh-pirates,67,89,0.42948717948717946,5,13,13,28.0,10,13.0,E,E,26
2025-09-28,104,134,pittsburgh-pirates,71,91,0.4382716049382716,5,13,13,26.0,10,12.0,E,E,26
2025-04-06,104,135,san-diego-padres,8,2,0.8,3,3,3,0.5,2,+1.5,-,152,3
2025-04-13,104,135,san-diego-padres,13,3,0.8125,1,1,1,-,-,-,-,-,1
2025-04-20,104,135,san-diego-padres,16,6,0.7272727272727273,1,1,1,-,-,-,-,-,1
2025-04-27,104,135,san-diego-padres,17,11,0.6071428571428571,3,4,4,1.5,2,+2.0,-,133,5
2025-05-04,104,135,san-diego-padres,22,11,0.6666666666666666,2,2,2,0.5,1,+3.5,-,129,2
2025-05-11,104,135,san-diego-padres,25,14,0.6410256410256411,2,2,2,1.0,1,+2.0,-,122,2
2025-05-18,104,135,san-diego-padres,27,18,0.6,2,4,4,1.0,2,-,-,116,5
2025-05-25,104,135,san-diego-padres,29,22,0.5686274509803921,3,6,6,2.0,3,-,-,109,8
2025-06-08,104,135,san-diego-padres,37,27,0.578125,2,4,4,1.0,1,+0.5,-,97,6
2025-06-15,104,135,san-diego-padres,39,31,0.5571428571428572,3,6,6,3.0,3,-,-,89,9
2025-06-22,104,135,san-diego-padres,42,35,0.5454545454545454,3,7,7,5.0,4,0.5,85,80,11
2025-06-29,104,135,san-diego-padres,45,38,0.5421686746987951,2,7,7,7.0,4,1.0,78,72,11
2025-07-06,104,135,san-diego-padres,48,41,0.5393258426966292,2,6,6,7.0,3,-,-,66,11
2025-07-27,104,135,san-diego-padres,57,49,0.5377358490566038,2,6,6,4.0,4,-,-,53,10
2025-08-03,104,135,san-diego-padres,62,50,0.5535714285714286,2,6,6,3.0,3,-,-,48,8
2025-08-10,104,135,san-diego-padres,66,52,0.559322033898305,2,5,5,2.0,2,+3.0,-,43,7
2025-08-17,104,135,san-diego-padres,69,55,0.5564516129032258,2,5,5,2.0,2,+3.0,-,37,7
2025-08-24,104,135,san-diego-padres,74,57,0.5648854961832062,2,5,5,-,3,+4.5,-,-,6
2025-09-07,104,135,san-diego-padres,78,65,0.5454545454545454,2,5,5,1.0,2,+2.0,-,19,9
2025-09-14,104,135,san-diego-padres,82,68,0.5466666666666666,2,5,5,2.5,2,+5.0,-,11,8
2025-09-21,104,135,san-diego-padres,85,71,0.5448717948717948,2,5,5,3.0,2,+5.0,-,4,8
2025-09-28,104,135,san-diego-padres,90,72,0.5555555555555556,2,5,5,3.0,2,+7.0,-,E,7
2025-04-06,103,136,seattle-mariners,3,7,0.3,5,14,14,5.0,11,2.0,151,148,25
2025-04-13,103,136,seattle-mariners,8,8,0.5,3,8,8,1.5,5,0.5,147,146,15
2025-04-20,103,136,seattle-mariners,12,10,0.5454545454545454,2,5,5,1.0,2,-,-,140,12
2025-04-27,103,136,seattle-mariners,16,12,0.5714285714285714,1,3,3,-,-,-,-,-,8
2025-05-04,103,136,seattle-mariners,20,13,0.6060606060606061,1,2,2,-,-,-,-,-,6
2025-05-11,103,136,seattle-mariners,22,17,0.5641025641025641,1,5,5,-,-,-,-,-,10
2025-05-18,103,136,seattle-mariners,26,19,0.5777777777777777,1,3,3,-,-,-,-,-,9
2025-05-25,103,136,seattle-mariners,29,23,0.5576923076923077,1,5,5,-,-,-,-,-,10
2025-06-08,103,136,seattle-mariners,33,31,0.515625,2,8,8,2.5,5,1.5,97,96,16
2025-06-15,103,136,seattle-mariners,36,34,0.5142857142857142,2,6,6,4.5,3,-,-,88,13
2025-06-22,103,136,seattle-mariners,39,37,0.5131578947368421,2,7,7,5.0,4,-,-,81,14
2025-06-29,103,136,seattle-mariners,43,40,0.5180722891566265,2,6,6,6.5,3,-,-,73,15
2025-07-06,103,136,seattle-mariners,48,42,0.5333333333333333,2,6,6,7.0,3,-,-,66,13
2025-07-27,103,136,seattle-mariners,56,50,0.5283018867924528,2,6,6,4.0,3,-,-,53,12
2025-08-03,103,136,seattle-mariners,60,53,0.5309734513274337,2,6,6,2.5,3,-,-,48,12
2025-08-10,103,136,seattle-mariners,66,53,0.5546218487394958,2,4,4,0.5,1,+3.5,-,44,9
2025-08-17,103,136,seattle-mariners,68,57,0.544,2,5,5,1.5,2,+0.5,-,37,9
2025-08-24,103,136,seattle-mariners,70,61,0.5343511450381679,2,6,6,2.0,3,-,-,30,11
2025-09-07,103,136,seattle-mariners,75,68,0.5244755244755245,2,6,6,2.5,3,-,-,17,12
2025-09-14,103,136,seattle-mariners,82,68,0.5466666666666666,1,5,5,-,-,-,-,-,8
2025-09-21,103,136,seattle-mariners,87,69,0.5576923076923077,1,3,3,-,-,-,-,-,7
2025-09-28,103,136,seattle-mariners,90,72,0.5555555555555556,1,3,3,-,-,-,-,-,7
2025-04-06,104,137,san-francisco-giants,8,1,0.8888888888888888,1,1,1,-,-,-,-,-,1
2025-04-13,104,137,san-francisco-giants,11,4,0.7333333333333333,2,2,2,1.5,1,+2.0,-,146,2
2025-04-20,104,137,san-francisco-giants,14,8,0.6363636363636364,3,4,4,2.0,2,+1.0,-,139,4
2025-04-27,104,137,san-francisco-giants,19,10,0.6551724137931034,1,2,2,-,-,-,-,-,2
2025-05-04,104,137,san-francisco-giants,22,13,0.6285714285714286,3,4,4,1.5,2,+2.5,-,127,3
2025-05-11,104,137,san-francisco-giants,24,17,0.5853658536585366,3,5,5,3.0,3,-,-,119,6
2025-05-18,104,137,san-francisco-giants,28,19,0.5957446808510638,3,6,6,1.0,3,-,-,115,6
2025-05-25,104,137,san-francisco-giants,31,22,0.5849056603773585,2,5,5,1.0,2,+1.0,-,109,7
2025-06-08,104,137,san-francisco-giants,38,28,0.5757575757575758,3,5,5,1.0,2,+0.5,-,96,7
2025-06-15,104,137,san-francisco-giants,41,31,0.5694444444444444,2,5,5,2.0,2,+1.0,-,89,8
2025-06-22,104,137,san-francisco-giants,44,34,0.5641025641025641,2,5,5,3.5,2,+1.0,-,81,8
2025-06-29,104,137,san-francisco-giants,45,39,0.5357142857142857,3,8,8,7.5,5,1.5,77,71,13
2025-07-06,104,137,san-francisco-giants,49,42,0.5384615384615384,3,7,7,7.0,4,-,-,65,12
2025-07-27,104,137,san-francisco-giants,54,52,0.5094339622641509,3,8,8,7.0,6,3.0,51,50,15
2025-08-03,104,137,san-francisco-giants,56,56,0.5,3,8,8,9.0,5,6.0,45,42,16
2025-08-10,104,137,san-francisco-giants,59,59,0.5,3,9,9,9.0,6,4.0,41,36,17
2025-08-17,104,137,san-francisco-giants,60,64,0.4838709677419355,3,9,9,11.0,6,6.0,33,28,19
2025-08-24,104,137,san-francisco-giants,63,68,0.48091603053435117,4,10,10,11.0,8,6.5,21,21,20
2025-09-07,104,137,san-francisco-giants,72,71,0.5034965034965035,3,8,8,7.0,5,4.0,16,13,16
2025-09-14,104,137,san-francisco-giants,75,74,0.5033557046979866,3,7,7,9.0,4,1.5,12,5,15
2025-09-21,104,137,san-francisco-giants,77,79,0.4935897435897436,4,9,9,11.0,6,3.0,4,E,18
2025-09-28,104,137,san-francisco-giants,81,81,0.5,3,8,8,12.0,5,2.0,E,E,16
2025-04-06,104,138,st-louis-cardinals,4,5,0.4444444444444444,3,10,10,1.5,7,2.0,152,151,16
2025-04-13,104,138,st-louis-cardinals,7,8,0.4666666666666667,4,11,11,2.5,8,2.0,146,144,20
2025-04-20,104,138,st-louis-cardinals,9,13,0.4090909090909091,4,11,11,4.0,8,4.0,137,136,22
2025-04-27,104,138,st-louis-cardinals,12,16,0.42857142857142855,4,13,13,4.5,10,3.0,132,130,25
2025-05-04,104,138,st-louis-cardinals,16,19,0.45714285714285713,4,10,10,5.0,7,3.5,125,123,21
2025-05-11,104,138,st-louis-cardinals,22,19,0.5365853658536586,2,7,7,1.0,4,2.0,120,121,12
2025-05-18,104,138,st-louis-cardinals,26,21,0.5531914893617021,2,7,7,2.0,4,2.0,115,114,10
2025-05-25,104,138,st-louis-cardinals,30,23,0.5660377358490566,2,7,7,2.0,4,-,-,108,9
2025-06-08,104,138,st-louis-cardinals,36,29,0.5538461538461539,2,7,7,4.0,4,1.0,97,94,9
2025-06-15,104,138,st-louis-cardinals,37,35,0.5138888888888888,4,9,9,7.0,6,3.0,89,84,14
2025-06-22,104,138,st-louis-cardinals,42,36,0.5384615384615384,3,8,8,4.5,5,1.0,84,81,12
2025-06-29,104,138,st-louis-cardinals,47,38,0.5529411764705883,3,6,6,2.5,3,-,-,76,10
2025-07-06,104,138,st-louis-cardinals,48,43,0.5274725274725275,3,8,8,6.5,5,1.0,71,66,14
2025-07-27,104,138,st-louis-cardinals,54,53,0.5046728971962616,4,9,9,9.0,7,3.5,50,48,16
2025-08-03,104,138,st-louis-cardinals,56,57,0.49557522123893805,4,10,10,12.0,7,6.5,44,39,19
2025-08-10,104,138,st-louis-cardinals,60,59,0.5042016806722689,4,8,8,14.0,5,3.5,41,31,15
2025-08-17,104,138,st-louis-cardinals,61,64,0.488,4,8,8,18.0,5,5.5,33,21,17
2025-08-24,104,138,st-louis-cardinals,64,67,0.48854961832061067,4,9,9,17.0,7,5.5,22,15,17
2025-09-07,104,138,st-louis-cardinals,72,72,0.5,4,10,10,17.0,7,4.5,15,2,18
2025-09-14,104,138,st-louis-cardinals,73,77,0.4866666666666667,4,10,10,18.0,7,4.0,9,E,20
2025-09-21,104,138,st-louis-cardinals,76,80,0.48717948717948717,4,11,11,19.0,8,4.0,3,E,19
2025-09-28,104,138,st-louis-cardinals,78,84,0.48148148148148145,4,11,11,19.0,8,5.0,E,E,20
2025-04-06,103,139,tampa-bay-rays,4,5,0.4444444444444444,4,9,9,2.0,6,0.5,153,152,16
2025-04-13,103,139,tampa-bay-rays,7,8,0.4666666666666667,4,11,11,1.5,8,1.0,147,146,20
2025-04-20,103,139,tampa-bay-rays,9,13,0.4090909090909091,5,12,12,5.0,9,3.0,138,136,22
2025-04-27,103,139,tampa-bay-rays,14,14,0.5,3,9,9,3.0,6,1.0,134,132,16
2025-05-04,103,139,tampa-bay-rays,16,18,0.47058823529411764,3,10,10,3.0,7,2.5,126,126,19
2025-05-11,103,139,tampa-bay-rays,18,22,0.45,4,12,12,5.0,9,3.0,119,118,23
2025-05-18,103,139,tampa-bay-rays,21,25,0.45652173913043476,4,12,12,6.0,9,4.0,113,111,23
2025-05-25,103,139,tampa-bay-rays,26,26,0.5,2,8,8,6.0,5,2.0,108,105,15
2025-06-08,103,139,tampa-bay-rays,35,30,0.5384615384615384,2,5,5,4.5,2,-,-,94,11
2025-06-15,103,139,tampa-bay-rays,39,32,0.5492957746478874,2,4,4,3.5,1,+2.5,-,89,10
2025-06-22,103,139,tampa-bay-rays,43,35,0.5512820512820513,2,4,4,2.5,1,+3.0,-,83,9
2025-06-29,103,139,tampa-bay-rays,47,37,0.5595238095238095,2,4,4,1.5,1,+3.5,-,78,8
2025-07-06,103,139,tampa-bay-rays,49,41,0.5444444444444444,3,5,5,3.0,2,+1.0,-,70,9
2025-07-27,103,139,tampa-bay-rays,53,53,0.5,4,8,8,10.0,5,3.0,54,47,17
2025-08-03,103,139,tampa-bay-rays,55,58,0.48672566371681414,4,10,10,10.0,7,5.0,45,40,20
2025-08-10,103,139,tampa-bay-rays,57,62,0.4789915966386555,4,10,10,12.0,7,5.5,39,32,21
2025-08-17,103,139,tampa-bay-rays,61,64,0.488,4,10,10,12.0,7,6.5,32,26,17
2025-08-24,103,139,tampa-bay-rays,63,67,0.4846153846153846,4,10,10,12.5,7,6.5,26,20,19
2025-09-07,103,139,tampa-bay-rays,71,72,0.4965034965034965,4,10,10,11.0,7,4.0,16,9,20
2025-09-14,103,139,tampa-bay-rays,73,76,0.4899328859060403,4,10,10,14.0,7,7.5,6,E,19
2025-09-21,103,139,tampa-bay-rays,76,80,0.48717948717948717,4,10,10,14.0,7,8.0,E,E,19
2025-09-28,103,139,tampa-bay-rays,77,85,0.47530864197530864,4,10,10,17.0,7,10.0,E,E,21
2025-04-06,103,140,texas-rangers,8,2,0.8,1,1,1,-,-,-,-,-,3
2025-04-13,103,140,texas-rangers,9,7,0.5625,2,3,3,0.5,1,+0.5,-,147,9
2025-04-20,103,140,texas-rangers,13,9,0.5909090909090909,1,3,3,-,-,-,-,-,6
2025-04-27,103,140,texas-rangers,15,13,0.5357142857142857,2,5,5,1.0,2,-,-,134,10
2025-05-04,103,140,texas-rangers,17,18,0.4857142857142857,4,9,9,4.0,6,2.0,126,125,17
2025-05-11,103,140,texas-rangers,20,21,0.4878048780487805,4,11,11,3.0,8,1.5,120,120,19
2025-05-18,103,140,texas-rangers,25,23,0.5208333333333334,3,8,8,2.5,5,1.0,115,114,16
2025-05-25,103,140,texas-rangers,26,28,0.48148148148148145,3,10,10,4.0,7,3.0,106,106,18
2025-06-08,103,140,texas-rangers,31,35,0.4696969696969697,3,11,11,5.5,8,4.5,93,92,21
2025-06-15,103,140,texas-rangers,36,36,0.5,3,9,9,5.5,6,1.0,91,86,19
2025-06-22,103,140,texas-rangers,38,40,0.48717948717948717,3,10,10,7.0,7,2.0,84,78,19
2025-06-29,103,140,texas-rangers,41,43,0.4880952380952381,4,8,8,9.0,5,2.5,77,70,18
2025-07-06,103,140,texas-rangers,44,46,0.4888888888888889,3,8,8,11.0,5,4.0,69,62,17
2025-07-27,103,140,texas-rangers,56,50,0.5283018867924528,3,7,7,4.0,4,-,-,53,12
2025-08-03,103,140,texas-rangers,58,55,0.5132743362831859,3,7,7,4.5,4,2.0,48,46,14
2025-08-10,103,140,texas-rangers,60,59,0.5042016806722689,3,8,8,6.5,5,2.5,42,38,15
2025-08-17,103,140,texas-rangers,62,63,0.496,3,9,9,7.5,6,5.5,33,31,16
2025-08-24,103,140,texas-rangers,66,66,0.5,3,8,8,6.5,5,4.5,27,25,15
2025-09-07,103,140,texas-rangers,74,70,0.5138888888888888,3,7,7,4.0,4,1.5,18,15,13
2025-09-14,103,140,texas-rangers,79,71,0.5266666666666666,3,7,7,3.0,4,2.0,11,10,12
2025-09-21,103,140,texas-rangers,79,77,0.5064102564102564,3,8,8,8.0,5,5.0,2,E,15
2025-09-28,103,140,texas-rangers,81,81,0.5,3,9,9,9.0,6,6.0,E,E,16
2025-04-06,103,141,toronto-bluejays,5,5,0.5,3,6,6,1.5,3,-,-,152,13
2025-04-13,103,141,toronto-bluejays,9,7,0.5625,1,4,4,-,-,-,-,-,9
2025-04-20,103,141,toronto-bluejays,12,10,0.5454545454545454,2,6,6,2.0,3,-,-,139,12
2025-04-27,103,141,toronto-bluejays,13,15,0.4642857142857143,4,11,11,4.0,8,2.0,133,131,20
2025-05-04,103,141,toronto-bluejays,16,18,0.47058823529411764,4,11,11,3.0,8,2.5,126,126,19
2025-05-11,103,141,toronto-bluejays,20,20,0.5,3,10,10,3.0,7,1.0,121,120,18
2025-05-18,103,141,toronto-bluejays,22,24,0.4782608695652174,3,10,10,5.0,7,3.0,114,112,20
2025-05-25,103,141,toronto-bluejays,25,27,0.4807692307692308,4,12,12,7.0,9,3.0,107,104,21
2025-06-08,103,141,toronto-bluejays,35,30,0.5384615384615384,3,6,6,4.5,3,-,-,94,11
2025-06-15,103,141,toronto-bluejays,38,33,0.5352112676056338,3,5,5,4.5,2,+1.5,-,88,11
2025-06-22,103,141,toronto-bluejays,41,36,0.5324675324675324,3,5,5,4.0,2,+1.5,-,82,13
2025-06-29,103,141,toronto-bluejays,45,38,0.5421686746987951,3,5,5,3.0,2,+2.0,-,77,11
2025-07-06,103,141,toronto-bluejays,52,38,0.5777777777777777,1,3,3,-,-,-,-,-,6
2025-07-27,103,141,toronto-bluejays,63,43,0.5943396226415094,1,1,1,-,-,-,-,-,1
2025-08-03,103,141,toronto-bluejays,65,48,0.5752212389380531,1,2,2,-,-,-,-,-,4
2025-08-10,103,141,toronto-bluejays,69,50,0.5798319327731093,1,1,1,-,-,-,-,-,3
2025-08-17,103,141,toronto-bluejays,73,52,0.584,1,1,1,-,-,-,-,-,2
2025-08-24,103,141,toronto-bluejays,76,55,0.5801526717557252,1,2,2,-,-,-,-,-,4
2025-09-07,103,141,toronto-bluejays,82,61,0.5734265734265734,1,1,1,-,-,-,-,-,3
2025-09-14,103,141,toronto-bluejays,87,62,0.5838926174496645,1,1,1,-,-,-,-,-,3
2025-09-21,103,141,toronto-bluejays,90,66,0.5769230769230769,1,1,1,-,-,-,-,-,3
2025-09-28,103,141,toronto-bluejays,94,68,0.5802469135802469,1,2,2,-,-,-,-,-,3
2025-04-06,103,142,minnesota-twins,3,6,0.3333333333333333,4,13,13,2.0,10,1.5,152,152,22
2025-04-13,103,142,minnesota-twins,5,11,0.3125,4,14,14,4.5,11,3.5,144,143,26
2025-04-20,103,142,minnesota-twins,7,15,0.3181818181818182,4,14,14,6.0,11,5.0,136,135,28
2025-04-27,103,142,minnesota-twins,12,16,0.42857142857142855,4,13,13,6.0,10,3.0,132,129,25
2025-05-04,103,142,minnesota-twins,15,20,0.42857142857142855,4,12,12,7.0,9,4.0,124,121,24
2025-05-11,103,142,minnesota-twins,21,20,0.5121951219512195,4,9,9,5.0,6,0.5,121,117,15
2025-05-18,103,142,minnesota-twins,26,21,0.5531914893617021,2,4,4,5.0,1,+0.5,-,111,10
2025-05-25,103,142,minnesota-twins,29,23,0.5576923076923077,3,4,4,4.0,2,+1.0,-,106,10
2025-06-08,103,142,minnesota-twins,35,30,0.5384615384615384,2,4,4,7.0,1,-,-,90,11
2025-06-15,103,142,minnesota-twins,36,35,0.5070422535211268,2,7,7,9.0,4,0.5,92,82,16
2025-06-22,103,142,minnesota-twins,37,40,0.4805194805194805,4,12,12,11.0,9,2.5,84,74,21
2025-06-29,103,142,minnesota-twins,40,44,0.47619047619047616,3,11,11,12.5,8,3.5,76,66,21
2025-07-06,103,142,minnesota-twins,43,47,0.4777777777777778,2,10,10,13.5,7,5.0,68,59,20
2025-07-27,103,142,minnesota-twins,50,55,0.47619047619047616,4,12,12,10.0,9,5.5,52,47,23
2025-08-03,103,142,minnesota-twins,52,59,0.46846846846846846,4,12,12,12.0,9,7.0,44,39,23
2025-08-10,103,142,minnesota-twins,56,61,0.47863247863247865,4,11,11,11.0,8,5.5,40,34,22
2025-08-17,103,142,minnesota-twins,58,66,0.46774193548387094,4,12,12,14.0,9,9.0,30,24,23
2025-08-24,103,142,minnesota-twins,59,71,0.45384615384615384,4,14,14,18.0,11,10.5,22,14,25
2025-09-07,103,142,minnesota-twins,63,80,0.4405594405594406,4,14,14,18.5,11,12.0,8,1,27
2025-09-14,103,142,minnesota-twins,65,84,0.436241610738255,4,14,14,19.5,11,15.5,E,E,26
2025-09-21,103,142,minnesota-twins,67,89,0.42948717948717946,4,14,14,18.0,11,17.0,E,E,26
2025-09-28,103,142,minnesota-twins,70,92,0.43209876543209874,4,14,14,18.0,11,17.0,E,E,27
2025-04-06,104,143,philadeliphia-phillies,7,2,0.7777777777777778,1,4,4,-,-,-,-,-,5
2025-04-13,104,143,philadeliphia-phillies,9,6,0.6,2,6,6,1.0,3,-,-,147,6
2025-04-20,104,143,philadeliphia-phillies,13,9,0.5909090909090909,2,6,6,2.0,4,-,-,139,6
2025-04-27,104,143,philadeliphia-phillies,15,13,0.5357142857142857,2,8,8,4.0,5,-,-,131,10
2025-05-04,104,143,philadeliphia-phillies,19,15,0.5588235294117647,2,6,6,2.5,3,-,-,126,9
2025-05-11,104,143,philadeliphia-phillies,24,16,0.6,2,4,4,1.5,2,+0.5,-,121,5
2025-05-18,104,143,philadeliphia-phillies,28,18,0.6086956521739131,2,3,3,0.5,1,+0.5,-,116,4
2025-05-25,104,143,philadeliphia-phillies,34,19,0.6415094339622641,1,1,1,-,-,-,-,-,1
2025-06-08,104,143,philadeliphia-phillies,37,28,0.5692307692307692,2,6,6,4.5,3,-,-,93,8
2025-06-15,104,143,philadeliphia-phillies,42,29,0.5915492957746479,2,4,4,2.5,1,+2.5,-,89,6
2025-06-22,104,143,philadeliphia-phillies,47,31,0.6025641025641025,1,2,2,-,-,-,-,-,3
2025-06-29,104,143,philadeliphia-phillies,49,35,0.5833333333333334,1,3,3,-,-,-,-,-,4
2025-07-06,104,143,philadeliphia-phillies,53,37,0.5888888888888889,1,3,3,-,-,-,-,-,5
2025-07-27,104,143,philadeliphia-phillies,60,45,0.5714285714285714,2,5,5,1.5,3,+3.5,-,56,6
2025-08-03,104,143,philadeliphia-phillies,63,48,0.5675675675675675,1,4,4,-,-,-,-,-,6
2025-08-10,104,143,philadeliphia-phillies,68,49,0.5811965811965812,1,2,2,-,-,-,-,-,2
2025-08-17,104,143,philadeliphia-phillies,71,53,0.5725806451612904,1,3,3,-,-,-,-,-,4
2025-08-24,104,143,philadeliphia-phillies,76,54,0.5846153846153846,1,2,2,-,-,-,-,-,3
2025-09-07,104,143,philadeliphia-phillies,83,60,0.5804195804195804,1,2,2,-,-,-,-,-,2
2025-09-14,104,143,philadeliphia-phillies,89,61,0.5933333333333334,1,2,2,-,-,-,-,-,2
2025-09-21,104,143,philadeliphia-phillies,92,64,0.5897435897435898,1,2,2,-,-,-,-,-,2
2025-09-28,104,143,philadeliphia-phillies,96,66,0.5925925925925926,1,2,2,-,-,-,-,-,2
2025-04-06,104,144,atlanta-braves,1,8,0.1111111111111111,5,15,15,6.0,12,5.0,149,148,30
2025-04-13,104,144,atlanta-braves,4,11,0.26666666666666666,5,14,14,6.0,11,5.0,143,142,28
2025-04-20,104,144,atlanta-braves,8,13,0.38095238095238093,5,13,13,6.5,10,4.5,137,135,26
2025-04-27,104,144,atlanta-braves,12,15,0.4444444444444444,4,11,11,6.5,8,2.5,133,129,22
2025-05-04,104,144,atlanta-braves,15,18,0.45454545454545453,4,12,12,6.0,9,3.5,126,123,23
2025-05-11,104,144,atlanta-braves,19,21,0.475,3,11,11,6.5,8,4.5,118,116,22
2025-05-18,104,144,atlanta-braves,24,23,0.5106382978723404,3,9,9,5.0,6,4.0,113,111,17
2025-05-25,104,144,atlanta-braves,25,27,0.4807692307692308,3,11,11,8.5,8,4.5,106,102,21
2025-06-08,104,144,atlanta-braves,27,37,0.421875,4,12,12,14.0,9,9.5,89,84,24
2025-06-15,104,144,atlanta-braves,31,39,0.44285714285714284,3,11,11,13.0,8,8.0,85,79,23
2025-06-22,104,144,atlanta-braves,35,41,0.4605263157894737,3,11,11,11.0,8,7.0,79,75,23
2025-06-29,104,144,atlanta-braves,38,45,0.4578313253012048,3,11,11,10.5,8,8.0,71,69,23
2025-07-06,104,144,atlanta-braves,39,50,0.43820224719101125,4,12,12,13.5,9,9.0,64,60,25
2025-07-27,104,144,atlanta-braves,44,60,0.4230769230769231,4,12,12,17.0,10,12.0,43,41,26
2025-08-03,104,144,atlanta-braves,47,63,0.42727272727272725,4,13,13,15.5,10,14.0,38,37,27
2025-08-10,104,144,atlanta-braves,51,67,0.4322033898305085,4,12,12,17.5,9,12.0,33,28,26
2025-08-17,104,144,atlanta-braves,56,68,0.45161290322580644,4,12,12,15.0,9,10.0,29,24,25
2025-08-24,104,144,atlanta-braves,59,71,0.45384615384615384,4,12,12,17.0,10,10.0,18,16,25
2025-09-07,104,144,atlanta-braves,64,79,0.44755244755244755,4,12,12,19.0,9,12.0,8,1,25
2025-09-14,104,144,atlanta-braves,66,83,0.4429530201342282,4,12,12,22.5,9,10.5,3,E,25
2025-09-21,104,144,atlanta-braves,73,83,0.46794871794871795,4,12,12,19.0,9,7.0,E,E,22
2025-09-28,104,144,atlanta-braves,76,86,0.4691358024691358,4,12,12,20.0,9,7.0,E,E,22
2025-04-06,103,145,chicago-whitesox,2,7,0.2222222222222222,5,15,15,3.0,12,2.5,151,151,28
2025-04-13,103,145,chicago-whitesox,4,11,0.26666666666666666,5,15,15,5.0,12,4.0,144,143,28
2025-04-20,103,145,chicago-whitesox,5,16,0.23809523809523808,5,15,15,7.5,12,6.5,135,134,29
2025-04-27,103,145,chicago-whitesox,7,21,0.25,5,15,15,11.0,12,8.0,127,124,29
2025-05-04,103,145,chicago-whitesox,10,24,0.29411764705882354,5,15,15,11.5,12,8.5,120,117,29
2025-05-11,103,145,chicago-whitesox,12,29,0.2926829268292683,5,15,15,14.0,12,9.5,112,108,29
2025-05-18,103,145,chicago-whitesox,14,33,0.2978723404255319,5,15,15,17.0,12,11.5,105,99,29
2025-05-25,103,145,chicago-whitesox,17,36,0.32075471698113206,5,15,15,16.5,12,11.5,98,93,29
2025-06-08,103,145,chicago-whitesox,22,44,0.3333333333333333,5,15,15,20.5,12,13.5,84,76,29
2025-06-15,103,145,chicago-whitesox,23,49,0.3194444444444444,5,15,15,22.5,12,14.0,78,68,29
2025-06-22,103,145,chicago-whitesox,25,53,0.32051282051282054,5,15,15,23.5,12,15.0,71,61,29
2025-06-29,103,145,chicago-whitesox,28,56,0.3333333333333333,5,15,15,24.5,12,15.5,64,54,29
2025-07-06,103,145,chicago-whitesox,30,60,0.3333333333333333,5,15,15,26.5,12,18.0,55,46,29
2025-07-27,103,145,chicago-whitesox,38,68,0.3584905660377358,5,15,15,22.5,12,18.0,39,34,29
2025-08-03,103,145,chicago-whitesox,42,70,0.375,5,15,15,22.5,12,17.5,33,28,29
2025-08-10,103,145,chicago-whitesox,43,75,0.3644067796610169,5,15,15,24.5,12,19.0,26,20,29
2025-08-17,103,145,chicago-whitesox,44,80,0.3548387096774194,5,15,15,28.0,12,23.0,16,10,29
2025-08-24,103,145,chicago-whitesox,47,83,0.36153846153846153,5,15,15,30.0,12,22.5,10,2,29
2025-09-07,103,145,chicago-whitesox,55,89,0.3819444444444444,5,15,15,27.0,12,20.5,E,E,29
2025-09-14,103,145,chicago-whitesox,57,93,0.38,5,15,15,28.0,12,24.0,E,E,29
2025-09-21,103,145,chicago-whitesox,58,98,0.3717948717948718,5,15,15,27.0,12,26.0,E,E,29
2025-09-28,103,145,chicago-whitesox,60,102,0.37037037037037035,5,15,15,28.0,12,27.0,E,E,29
2025-04-06,104,146,miami-marlins,5,4,0.5555555555555556,3,7,7,2.0,4,1.0,153,152,11
2025-04-13,104,146,miami-marlins,8,7,0.5333333333333333,3,8,8,2.0,5,1.0,147,146,12
2025-04-20,104,146,miami-marlins,9,12,0.42857142857142855,3,10,10,5.5,7,3.5,138,136,20
2025-04-27,104,146,miami-marlins,12,15,0.4444444444444444,5,12,12,6.5,9,2.5,133,129,22
2025-05-04,104,146,miami-marlins,13,20,0.3939393939393939,5,13,13,8.0,10,5.5,124,121,25
2025-05-11,104,146,miami-marlins,15,24,0.38461538461538464,5,13,13,10.0,10,8.0,115,113,26
2025-05-18,104,146,miami-marlins,18,27,0.4,5,13,13,10.0,10,9.0,109,107,26
2025-05-25,104,146,miami-marlins,21,30,0.4117647058823529,5,13,13,12.0,10,8.0,103,99,26
2025-06-08,104,146,miami-marlins,24,39,0.38095238095238093,5,14,14,16.5,11,12.0,87,82,28
2025-06-15,104,146,miami-marlins,28,41,0.4057971014492754,5,13,13,15.5,10,10.5,83,77,26
2025-06-22,104,146,miami-marlins,31,45,0.40789473684210525,5,13,13,15.0,10,11.0,75,71,26
2025-06-29,104,146,miami-marlins,37,45,0.45121951219512196,4,12,12,11.0,9,8.5,71,69,24
2025-07-06,104,146,miami-marlins,40,48,0.45454545454545453,3,11,11,12.0,8,7.5,66,62,22
2025-07-27,104,146,miami-marlins,50,54,0.4807692307692308,3,11,11,11.0,9,6.0,49,47,22
2025-08-03,104,146,miami-marlins,55,55,0.5,3,9,9,7.5,6,6.0,46,45,16
2025-08-10,104,146,miami-marlins,57,61,0.4830508474576271,3,11,11,11.5,8,6.0,39,34,19
2025-08-17,104,146,miami-marlins,59,65,0.47580645161290325,3,11,11,12.0,8,7.0,32,27,22
2025-08-24,104,146,miami-marlins,61,69,0.46923076923076923,3,11,11,15.0,9,8.0,20,18,21
2025-09-07,104,146,miami-marlins,66,77,0.46153846153846156,3,11,11,17.0,8,10.0,10,3,22
2025-09-14,104,146,miami-marlins,70,80,0.4666666666666667,3,11,11,19.0,8,7.0,6,E,21
2025-09-21,104,146,miami-marlins,76,80,0.48717948717948717,3,10,10,16.0,7,4.0,3,E,19
2025-09-28,104,146,miami-marlins,79,83,0.4876543209876543,3,10,10,17.0,7,4.0,E,E,19
2025-04-06,103,147,new-york-yankees,6,3,0.6666666666666666,1,3,3,-,-,-,-,-,6
2025-04-13,103,147,new-york-yankees,8,7,0.5333333333333333,2,6,6,0.5,3,-,-,147,12
2025-04-20,103,147,new-york-yankees,14,8,0.6363636363636364,1,1,1,-,-,-,-,-,4
2025-04-27,103,147,new-york-yankees,17,11,0.6071428571428571,1,2,2,-,-,-,-,-,5
2025-05-04,103,147,new-york-yankees,19,15,0.5588235294117647,1,4,4,-,-,-,-,-,9
2025-05-11,103,147,new-york-yankees,23,17,0.575,1,3,3,-,-,-,-,-,7
2025-05-18,103,147,new-york-yankees,27,19,0.5869565217391305,1,2,2,-,-,-,-,-,8
2025-05-25,103,147,new-york-yankees,32,20,0.6153846153846154,1,2,2,-,-,-,-,-,3
2025-06-08,103,147,new-york-yankees,39,25,0.609375,1,2,2,-,-,-,-,-,4
2025-06-15,103,147,new-york-yankees,42,28,0.6,1,2,2,-,-,-,-,-,4
2025-06-22,103,147,new-york-yankees,45,32,0.5844155844155844,1,2,2,-,-,-,-,-,6
2025-06-29,103,147,new-york-yankees,48,35,0.5783132530120482,1,3,3,-,-,-,-,-,6
2025-07-06,103,147,new-york-yankees,49,41,0.5444444444444444,2,4,4,3.0,1,+1.0,-,70,9
2025-07-27,103,147,new-york-yankees,57,48,0.5428571428571428,2,4,4,5.5,1,+1.5,-,52,9
2025-08-03,103,147,new-york-yankees,60,52,0.5357142857142857,3,5,5,4.5,2,+0.5,-,46,11
2025-08-10,103,147,new-york-yankees,62,56,0.5254237288135594,3,6,6,6.5,3,-,-,38,12
2025-08-17,103,147,new-york-yankees,67,57,0.5403225806451613,3,6,6,5.5,3,-,-,33,11
2025-08-24,103,147,new-york-yankees,70,60,0.5384615384615384,3,5,5,5.5,2,+0.5,-,27,10
2025-09-07,103,147,new-york-yankees,80,63,0.5594405594405595,2,3,3,2.0,1,+5.0,-,18,6
2025-09-14,103,147,new-york-yankees,83,66,0.5570469798657718,2,3,3,4.0,1,+2.5,-,10,7
2025-09-21,103,147,new-york-yankees,88,68,0.5641025641025641,2,2,2,2.0,1,+4.0,-,5,4
2025-09-28,103,147,new-york-yankees,94,68,0.5802469135802469,2,1,1,-,1,+7.0,-,1,3
2025-04-06,104,158,milwaukee-brewers,5,5,0.5,2,9,9,1.0,6,1.5,152,151,13
2025-04-13,104,158,milwaukee-brewers,8,8,0.5,3,10,10,2.0,7,1.5,146,144,15
2025-04-20,104,158,milwaukee-brewers,12,10,0.5454545454545454,2,8,8,1.0,5,1.0,140,139,12
2025-04-27,104,158,milwaukee-brewers,14,15,0.4827586206896552,3,9,9,3.0,6,1.5,133,131,18
2025-05-04,104,158,milwaukee-brewers,17,18,0.4857142857142857,3,9,9,4.0,6,2.5,126,124,17
2025-05-11,104,158,milwaukee-brewers,20,21,0.4878048780487805,3,9,9,3.0,6,4.0,118,119,19
2025-05-18,104,158,milwaukee-brewers,22,25,0.46808510638297873,4,11,11,6.0,8,6.0,111,110,21
2025-05-25,104,158,milwaukee-brewers,26,28,0.48148148148148145,4,10,10,6.5,7,4.5,105,103,18
2025-06-08,104,158,milwaukee-brewers,35,31,0.5303030303030303,3,8,8,5.5,5,2.5,95,92,15
2025-06-15,104,158,milwaukee-brewers,39,34,0.5342465753424658,2,7,7,5.5,4,1.5,90,85,12
2025-06-22,104,158,milwaukee-brewers,43,35,0.5512820512820513,2,6,6,3.5,3,-,-,82,9
2025-06-29,104,158,milwaukee-brewers,47,37,0.5595238095238095,2,5,5,2.0,2,+0.5,-,77,8
2025-07-06,104,158,milwaukee-brewers,50,40,0.5555555555555556,2,5,5,4.0,2,+1.5,-,69,8
2025-07-27,104,158,milwaukee-brewers,62,43,0.5904761904761905,2,2,2,-,2,+5.5,-,-,2
2025-08-03,104,158,milwaukee-brewers,67,44,0.6036036036036037,1,1,1,-,-,-,-,-,1
2025-08-10,104,158,milwaukee-brewers,73,44,0.6239316239316239,1,1,1,-,-,-,-,-,1
2025-08-17,104,158,milwaukee-brewers,78,45,0.6341463414634146,1,1,1,-,-,-,-,-,1
2025-08-24,104,158,milwaukee-brewers,81,50,0.6183206106870229,1,1,1,-,-,-,-,-,1
2025-09-07,104,158,milwaukee-brewers,89,55,0.6180555555555556,1,1,1,-,-,-,-,-,1
2025-09-14,104,158,milwaukee-brewers,91,59,0.6066666666666667,1,1,1,-,-,-,-,-,1
2025-09-21,104,158,milwaukee-brewers,95,61,0.6089743589743589,1,1,1,-,-,-,-,-,1
2025-09-28,104,158,milwaukee-brewers,97,65,0.5987654320987654,1,1,1,-,-,-,-,-,1
